alpha,clap
0.0,0.305153
0.5,0.309455
1.0,0.322838
2.0,0.296409
