alpha,clap
0.0,0.291151
0.5,0.314896
1.0,0.316894
2.0,0.285478
