alpha,clap
0.0,0.292706
0.5,0.331796
1.0,0.269726
2.0,0.281311
