alpha,clap
0.0,0.300000
0.5,0.325000
1.0,0.350000
2.0,0.400000
