pair,concept_a,concept_b,method,clap_concept_a,clap_concept_b,interference_cosine
piano+jazz,piano,jazz,without_gs,0.05001815727949297,0.18482857271811845,0.08949060007774581
piano+jazz,piano,jazz,with_gs,0.05843909030037049,0.19193924418620495,0.08949060007774581
tempo+mood,tempo,mood,without_gs,0.20538895822595046,0.19709437750007383,0.5449678252140681
tempo+mood,tempo,mood,with_gs,0.2126175383375493,0.2066732533985143,0.5449678252140681
drums+piano,drums,piano,without_gs,0.16225449695375768,0.06183939658852703,0.48013611460725464
drums+piano,drums,piano,with_gs,0.14912046339337182,0.05486870097359271,0.48013611460725464
