alpha,clap
0.0,0.295967
0.5,0.329489
1.0,0.279898
2.0,0.304686
